Classe 1,Classe 2,Gene 1,Gene 2,Overlap
BRCA,COAD,gene_3461,gene_7965,0.30146590574573073
BRCA,KIRC,gene_15897,gene_7964,0.6278072398965295
BRCA,LUAD,gene_15898,gene_15589,1.3530247022169861
BRCA,PRAD,gene_9176,gene_4773,0.6021364046193924
COAD,KIRC,gene_3540,gene_3541,0.40709324297952815
COAD,LUAD,gene_19236,gene_16283,1.1854474258025762
COAD,PRAD,gene_9176,gene_3461,0.36905978222665237
KIRC,LUAD,gene_3541,gene_3461,1.1871621728787305
KIRC,PRAD,gene_9176,gene_8014,0.4492636461645834
LUAD,PRAD,gene_9176,gene_9177,0.3101021057461164
