Classe 1,Classe 2,Intra classe 1,Intra classe 2,Inter-classe,Overlap,Bien séparées
BRCA,COAD,25.680809331975716,24.637596590715077,18.598836061265835,1.3527299707610339,Non
BRCA,KIRC,25.680809331975716,26.50791595418028,18.456668065871142,1.4138176267757658,Non
BRCA,LUAD,25.680809331975716,25.923431053442485,18.4462469169319,1.398773436618438,Non
BRCA,PRAD,25.680809331975716,25.361607787753776,16.479411596377098,1.5486723182201139,Non
COAD,KIRC,24.637596590715077,26.50791595418028,18.718146332258694,1.3662013224234606,Non
COAD,LUAD,24.637596590715077,25.923431053442485,19.878268796702347,1.2717663736528517,Non
COAD,PRAD,24.637596590715077,25.361607787753776,16.696528876666385,1.4972933819898155,Non
KIRC,LUAD,26.50791595418028,25.923431053442485,18.599049363808188,1.409516851695891,Non
KIRC,PRAD,26.50791595418028,25.361607787753776,16.55996845508284,1.5661117918981746,Non
LUAD,PRAD,25.923431053442485,25.361607787753776,16.568677051673124,1.5476503851590686,Non
